{
    "tracking_metrics": {
        "total_tracker": 5270,
        "total_track_time": 0.3378419876098633,
        "total_time": 4.72889256477356
    },
    "accuracy_metrics": {
        "precision": 0.13800424628450106,
        "recall": 0.13638271086865295,
        "f1_score": 0.13718868720979316,
        "mota": -0.716743600503567,
        "motp": 0.07364604577384999,
        "id_switches": 3,
        "total_detections": 2355,
        "total_ground_truth": 2383,
        "true_positives": 325,
        "false_positives": 2030,
        "false_negatives": 2058,
        "AP@0.50": 0.285773205010563,
        "AP@0.75": 0.09090909090909091,
        "mAP": 0.18834114795982698,
        "AP@0.5": 0.285773205010563
    },
    "precision": 0.13800424628450106,
    "recall": 0.13638271086865295,
    "f1_score": 0.13718868720979316,
    "mota": -0.716743600503567,
    "motp": 0.07364604577384999,
    "id_switches": 3,
    "total_detections": 2355,
    "total_ground_truth": 2383,
    "true_positives": 325,
    "false_positives": 2030,
    "false_negatives": 2058,
    "AP@0.50": 0.285773205010563,
    "AP@0.75": 0.09090909090909091,
    "mAP": 0.18834114795982698,
    "AP@0.5": 0.285773205010563
}