{
    "tracking_metrics": {
        "total_tracker": 3671,
        "total_track_time": 0.2777857780456543,
        "total_time": 4.586421728134155
    },
    "accuracy_metrics": {
        "precision": 0.16686182669789226,
        "recall": 0.11959714645404952,
        "f1_score": 0.13933023710584208,
        "mota": -0.47838858581619803,
        "motp": 0.07488176563321072,
        "id_switches": 2,
        "total_detections": 1708,
        "total_ground_truth": 2383,
        "true_positives": 285,
        "false_positives": 1423,
        "false_negatives": 2098,
        "AP@0.50": 0.27905371898081055,
        "AP@0.75": 0.09090909090909091,
        "mAP": 0.18498140494495074,
        "AP@0.5": 0.27905371898081055
    },
    "precision": 0.16686182669789226,
    "recall": 0.11959714645404952,
    "f1_score": 0.13933023710584208,
    "mota": -0.47838858581619803,
    "motp": 0.07488176563321072,
    "id_switches": 2,
    "total_detections": 1708,
    "total_ground_truth": 2383,
    "true_positives": 285,
    "false_positives": 1423,
    "false_negatives": 2098,
    "AP@0.50": 0.27905371898081055,
    "AP@0.75": 0.09090909090909091,
    "mAP": 0.18498140494495074,
    "AP@0.5": 0.27905371898081055
}