{
    "tracking_metrics": {
        "total_tracker": 2749,
        "total_track_time": 0.24912190437316895,
        "total_time": 4.266639709472656
    },
    "accuracy_metrics": {
        "precision": 0.9962962962962963,
        "recall": 0.6772975241292488,
        "f1_score": 0.8063952035973021,
        "mota": 0.6701636592530424,
        "motp": 0.6755964838844705,
        "id_switches": 11,
        "total_detections": 1620,
        "total_ground_truth": 2383,
        "true_positives": 1614,
        "false_positives": 6,
        "false_negatives": 769,
        "AP@0.50": 0.6363636363636365,
        "AP@0.75": 0.6337749860260751,
        "mAP": 0.6350693111948558,
        "AP@0.5": 0.6363636363636365
    },
    "precision": 0.9962962962962963,
    "recall": 0.6772975241292488,
    "f1_score": 0.8063952035973021,
    "mota": 0.6701636592530424,
    "motp": 0.6755964838844705,
    "id_switches": 11,
    "total_detections": 1620,
    "total_ground_truth": 2383,
    "true_positives": 1614,
    "false_positives": 6,
    "false_negatives": 769,
    "AP@0.50": 0.6363636363636365,
    "AP@0.75": 0.6337749860260751,
    "mAP": 0.6350693111948558,
    "AP@0.5": 0.6363636363636365
}