{
    "tracking_metrics": {
        "total_tracker": 3699,
        "total_track_time": 0.3036842346191406,
        "total_time": 4.3832314014434814
    },
    "accuracy_metrics": {
        "precision": 0.1566147859922179,
        "recall": 0.1351237935375577,
        "f1_score": 0.1450777202072539,
        "mota": -0.5942089802769619,
        "motp": 0.0782122905027933,
        "id_switches": 4,
        "total_detections": 2056,
        "total_ground_truth": 2383,
        "true_positives": 322,
        "false_positives": 1734,
        "false_negatives": 2061,
        "AP@0.50": 0.2966996510867283,
        "AP@0.75": 0.09090909090909091,
        "mAP": 0.1938043709979096,
        "AP@0.5": 0.2966996510867283
    },
    "precision": 0.1566147859922179,
    "recall": 0.1351237935375577,
    "f1_score": 0.1450777202072539,
    "mota": -0.5942089802769619,
    "motp": 0.0782122905027933,
    "id_switches": 4,
    "total_detections": 2056,
    "total_ground_truth": 2383,
    "true_positives": 322,
    "false_positives": 1734,
    "false_negatives": 2061,
    "AP@0.50": 0.2966996510867283,
    "AP@0.75": 0.09090909090909091,
    "mAP": 0.1938043709979096,
    "AP@0.5": 0.2966996510867283
}