{
    "tracking_metrics": {
        "total_tracker": 3314,
        "total_track_time": 0.28752756118774414,
        "total_time": 4.28947377204895
    },
    "accuracy_metrics": {
        "precision": 0.9932432432432432,
        "recall": 0.8019303399076794,
        "f1_score": 0.8873926166705363,
        "mota": 0.789760805707092,
        "motp": 0.7975792988313857,
        "id_switches": 16,
        "total_detections": 1924,
        "total_ground_truth": 2383,
        "true_positives": 1911,
        "false_positives": 13,
        "false_negatives": 472,
        "AP@0.50": 0.8178038178038178,
        "AP@0.75": 0.7243761355281257,
        "mAP": 0.7710899766659718,
        "AP@0.5": 0.8178038178038178
    },
    "precision": 0.9932432432432432,
    "recall": 0.8019303399076794,
    "f1_score": 0.8873926166705363,
    "mota": 0.789760805707092,
    "motp": 0.7975792988313857,
    "id_switches": 16,
    "total_detections": 1924,
    "total_ground_truth": 2383,
    "true_positives": 1911,
    "false_positives": 13,
    "false_negatives": 472,
    "AP@0.50": 0.8178038178038178,
    "AP@0.75": 0.7243761355281257,
    "mAP": 0.7710899766659718,
    "AP@0.5": 0.8178038178038178
}