{
    "tracking_metrics": {
        "total_tracker": 3298,
        "total_track_time": 0.283585786819458,
        "total_time": 4.35141921043396
    },
    "accuracy_metrics": {
        "precision": 0.9932221063607924,
        "recall": 0.7994125052454889,
        "f1_score": 0.8858405022087886,
        "mota": 0.7864036928241712,
        "motp": 0.7950751252086812,
        "id_switches": 18,
        "total_detections": 1918,
        "total_ground_truth": 2383,
        "true_positives": 1905,
        "false_positives": 13,
        "false_negatives": 478,
        "AP@0.50": 0.8178026353208836,
        "AP@0.75": 0.7244390407042063,
        "mAP": 0.7711208380125449,
        "AP@0.5": 0.8178026353208836
    },
    "precision": 0.9932221063607924,
    "recall": 0.7994125052454889,
    "f1_score": 0.8858405022087886,
    "mota": 0.7864036928241712,
    "motp": 0.7950751252086812,
    "id_switches": 18,
    "total_detections": 1918,
    "total_ground_truth": 2383,
    "true_positives": 1905,
    "false_positives": 13,
    "false_negatives": 478,
    "AP@0.50": 0.8178026353208836,
    "AP@0.75": 0.7244390407042063,
    "mAP": 0.7711208380125449,
    "AP@0.5": 0.8178026353208836
}