{
    "tracking_metrics": {
        "total_tracker": 5176,
        "total_track_time": 0.35016608238220215,
        "total_time": 4.741339921951294
    },
    "accuracy_metrics": {
        "precision": 0.1295315682281059,
        "recall": 0.13344523709609735,
        "f1_score": 0.13145928069450186,
        "mota": -0.7650020981955519,
        "motp": 0.07035398230088495,
        "id_switches": 4,
        "total_detections": 2455,
        "total_ground_truth": 2383,
        "true_positives": 318,
        "false_positives": 2137,
        "false_negatives": 2065,
        "AP@0.50": 0.2817230822661458,
        "AP@0.75": 0.09090909090909091,
        "mAP": 0.18631608658761833,
        "AP@0.5": 0.2817230822661458
    },
    "precision": 0.1295315682281059,
    "recall": 0.13344523709609735,
    "f1_score": 0.13145928069450186,
    "mota": -0.7650020981955519,
    "motp": 0.07035398230088495,
    "id_switches": 4,
    "total_detections": 2455,
    "total_ground_truth": 2383,
    "true_positives": 318,
    "false_positives": 2137,
    "false_negatives": 2065,
    "AP@0.50": 0.2817230822661458,
    "AP@0.75": 0.09090909090909091,
    "mAP": 0.18631608658761833,
    "AP@0.5": 0.2817230822661458
}