{
    "tracking_metrics": {
        "total_tracker": 753337,
        "total_track_time": 36.26955318450928,
        "total_time": 46.682660818099976
    },
    "accuracy_metrics": {
        "precision": 0.0007037079198186917,
        "recall": 0.0570709190096517,
        "f1_score": 0.0013902731989061821,
        "mota": -81.00923206042803,
        "motp": 0.0006956201504790061,
        "id_switches": 55,
        "total_detections": 193262,
        "total_ground_truth": 2383,
        "true_positives": 136,
        "false_positives": 193126,
        "false_negatives": 2247,
        "AP@0.50": 0.0961300963240106,
        "AP@0.75": 0.09151724459310423,
        "mAP": 0.09382367045855741,
        "AP@0.5": 0.0961300963240106
    },
    "precision": 0.0007037079198186917,
    "recall": 0.0570709190096517,
    "f1_score": 0.0013902731989061821,
    "mota": -81.00923206042803,
    "motp": 0.0006956201504790061,
    "id_switches": 55,
    "total_detections": 193262,
    "total_ground_truth": 2383,
    "true_positives": 136,
    "false_positives": 193126,
    "false_negatives": 2247,
    "AP@0.50": 0.0961300963240106,
    "AP@0.75": 0.09151724459310423,
    "mAP": 0.09382367045855741,
    "AP@0.5": 0.0961300963240106
}