{
    "tracking_metrics": {
        "total_tracker": 3734,
        "total_track_time": 0.31171536445617676,
        "total_time": 4.4600303173065186
    },
    "accuracy_metrics": {
        "precision": 0.15880039331366766,
        "recall": 0.1355434326479228,
        "f1_score": 0.14625311297260582,
        "mota": -0.5841376416281998,
        "motp": 0.07889594528578407,
        "id_switches": 4,
        "total_detections": 2034,
        "total_ground_truth": 2383,
        "true_positives": 323,
        "false_positives": 1711,
        "false_negatives": 2060,
        "AP@0.50": 0.30162202159746476,
        "AP@0.75": 0.09090909090909091,
        "mAP": 0.19626555625327785,
        "AP@0.5": 0.30162202159746476
    },
    "precision": 0.15880039331366766,
    "recall": 0.1355434326479228,
    "f1_score": 0.14625311297260582,
    "mota": -0.5841376416281998,
    "motp": 0.07889594528578407,
    "id_switches": 4,
    "total_detections": 2034,
    "total_ground_truth": 2383,
    "true_positives": 323,
    "false_positives": 1711,
    "false_negatives": 2060,
    "AP@0.50": 0.30162202159746476,
    "AP@0.75": 0.09090909090909091,
    "mAP": 0.19626555625327785,
    "AP@0.5": 0.30162202159746476
}