{
    "tracking_metrics": {
        "total_tracker": 3588,
        "total_track_time": 0.27652812004089355,
        "total_time": 4.31096076965332
    },
    "accuracy_metrics": {
        "precision": 0.9960278053624627,
        "recall": 0.8417960553923626,
        "f1_score": 0.9124403002046849,
        "mota": 0.8300461603021402,
        "motp": 0.8389795064826433,
        "id_switches": 20,
        "total_detections": 2014,
        "total_ground_truth": 2383,
        "true_positives": 2006,
        "false_positives": 8,
        "false_negatives": 377,
        "AP@0.50": 0.8180915410309652,
        "AP@0.75": 0.8163070663565963,
        "mAP": 0.8171993036937808,
        "AP@0.5": 0.8180915410309652
    },
    "precision": 0.9960278053624627,
    "recall": 0.8417960553923626,
    "f1_score": 0.9124403002046849,
    "mota": 0.8300461603021402,
    "motp": 0.8389795064826433,
    "id_switches": 20,
    "total_detections": 2014,
    "total_ground_truth": 2383,
    "true_positives": 2006,
    "false_positives": 8,
    "false_negatives": 377,
    "AP@0.50": 0.8180915410309652,
    "AP@0.75": 0.8163070663565963,
    "mAP": 0.8171993036937808,
    "AP@0.5": 0.8180915410309652
}