{
    "tracking_metrics": {
        "total_tracker": 2920,
        "total_track_time": 0.2803647518157959,
        "total_time": 4.348736763000488
    },
    "accuracy_metrics": {
        "precision": 0.1877624475104979,
        "recall": 0.13134704154427193,
        "f1_score": 0.1545679012345679,
        "mota": -0.43852287033151494,
        "motp": 0.08375702435108376,
        "id_switches": 4,
        "total_detections": 1667,
        "total_ground_truth": 2383,
        "true_positives": 313,
        "false_positives": 1354,
        "false_negatives": 2070,
        "AP@0.50": 0.2981668357519665,
        "AP@0.75": 0.09090909090909091,
        "mAP": 0.1945379633305287,
        "AP@0.5": 0.2981668357519665
    },
    "precision": 0.1877624475104979,
    "recall": 0.13134704154427193,
    "f1_score": 0.1545679012345679,
    "mota": -0.43852287033151494,
    "motp": 0.08375702435108376,
    "id_switches": 4,
    "total_detections": 1667,
    "total_ground_truth": 2383,
    "true_positives": 313,
    "false_positives": 1354,
    "false_negatives": 2070,
    "AP@0.50": 0.2981668357519665,
    "AP@0.75": 0.09090909090909091,
    "mAP": 0.1945379633305287,
    "AP@0.5": 0.2981668357519665
}