{
    "tracking_metrics": {
        "total_tracker": 3587,
        "total_track_time": 0.28519701957702637,
        "total_time": 4.228269338607788
    },
    "accuracy_metrics": {
        "precision": 0.9965139442231076,
        "recall": 0.8396978598405371,
        "f1_score": 0.9114097016624915,
        "mota": 0.8283676038606798,
        "motp": 0.8372384937238494,
        "id_switches": 20,
        "total_detections": 2008,
        "total_ground_truth": 2383,
        "true_positives": 2001,
        "false_positives": 7,
        "false_negatives": 382,
        "AP@0.50": 0.8180912712785224,
        "AP@0.75": 0.8164544176057588,
        "mAP": 0.8172728444421407,
        "AP@0.5": 0.8180912712785224
    },
    "precision": 0.9965139442231076,
    "recall": 0.8396978598405371,
    "f1_score": 0.9114097016624915,
    "mota": 0.8283676038606798,
    "motp": 0.8372384937238494,
    "id_switches": 20,
    "total_detections": 2008,
    "total_ground_truth": 2383,
    "true_positives": 2001,
    "false_positives": 7,
    "false_negatives": 382,
    "AP@0.50": 0.8180912712785224,
    "AP@0.75": 0.8164544176057588,
    "mAP": 0.8172728444421407,
    "AP@0.5": 0.8180912712785224
}