{
    "tracking_metrics": {
        "total_tracker": 750495,
        "total_track_time": 35.85710072517395,
        "total_time": 46.121926069259644
    },
    "accuracy_metrics": {
        "precision": 0.0006406083713048779,
        "recall": 0.052035249685270665,
        "f1_score": 0.0012656354459578767,
        "mota": -81.14729332773814,
        "motp": 0.0006332184348270139,
        "id_switches": 56,
        "total_detections": 193566,
        "total_ground_truth": 2383,
        "true_positives": 124,
        "false_positives": 193442,
        "false_negatives": 2259,
        "AP@0.50": 0.09586034741182481,
        "AP@0.75": 0.09154033554597729,
        "mAP": 0.09370034147890105,
        "AP@0.5": 0.09586034741182481
    },
    "precision": 0.0006406083713048779,
    "recall": 0.052035249685270665,
    "f1_score": 0.0012656354459578767,
    "mota": -81.14729332773814,
    "motp": 0.0006332184348270139,
    "id_switches": 56,
    "total_detections": 193566,
    "total_ground_truth": 2383,
    "true_positives": 124,
    "false_positives": 193442,
    "false_negatives": 2259,
    "AP@0.50": 0.09586034741182481,
    "AP@0.75": 0.09154033554597729,
    "mAP": 0.09370034147890105,
    "AP@0.5": 0.09586034741182481
}