{
    "tracking_metrics": {
        "total_tracker": 744051,
        "total_track_time": 33.92705464363098,
        "total_time": 43.34002351760864
    },
    "accuracy_metrics": {
        "precision": 0.0007589283276823203,
        "recall": 0.058329836340746954,
        "f1_score": 0.0014983615039668853,
        "mota": -76.76290390264373,
        "motp": 0.0007497424445918759,
        "id_switches": 51,
        "total_detections": 183153,
        "total_ground_truth": 2383,
        "true_positives": 139,
        "false_positives": 183014,
        "false_negatives": 2244,
        "AP@0.50": 0.09627137662976303,
        "AP@0.75": 0.09154174147681973,
        "mAP": 0.09390655905329137,
        "AP@0.5": 0.09627137662976303
    },
    "precision": 0.0007589283276823203,
    "recall": 0.058329836340746954,
    "f1_score": 0.0014983615039668853,
    "mota": -76.76290390264373,
    "motp": 0.0007497424445918759,
    "id_switches": 51,
    "total_detections": 183153,
    "total_ground_truth": 2383,
    "true_positives": 139,
    "false_positives": 183014,
    "false_negatives": 2244,
    "AP@0.50": 0.09627137662976303,
    "AP@0.75": 0.09154174147681973,
    "mAP": 0.09390655905329137,
    "AP@0.5": 0.09627137662976303
}