{
    "tracking_metrics": {
        "total_tracker": 4346,
        "total_track_time": 0.3034040927886963,
        "total_time": 4.237895965576172
    },
    "accuracy_metrics": {
        "precision": 1.0,
        "recall": 1.0,
        "f1_score": 1.0,
        "mota": 1.0,
        "motp": 1.0,
        "id_switches": 0,
        "total_detections": 2383,
        "total_ground_truth": 2383,
        "true_positives": 2383,
        "false_positives": 0,
        "false_negatives": 0,
        "AP@0.50": 1.0000000000000002,
        "AP@0.75": 1.0000000000000002,
        "mAP": 1.0000000000000002,
        "AP@0.5": 1.0000000000000002
    },
    "precision": 1.0,
    "recall": 1.0,
    "f1_score": 1.0,
    "mota": 1.0,
    "motp": 1.0,
    "id_switches": 0,
    "total_detections": 2383,
    "total_ground_truth": 2383,
    "true_positives": 2383,
    "false_positives": 0,
    "false_negatives": 0,
    "AP@0.50": 1.0000000000000002,
    "AP@0.75": 1.0000000000000002,
    "mAP": 1.0000000000000002,
    "AP@0.5": 1.0000000000000002
}